university_id;ВУЗ;Полное название ВУЗа
1;ВШЭ;Высшая школа экономики
2;КФУ;Казанский федеральный университет
3;МГУ;Московский государственный университет имени М.В.Ломоносова
4;НГУ;Новосибирский государственный университет
5;СПбГУ;Санкт-Петербургский государственный университет
6;УрФУ;Уральский федеральный университет
7;ИТМО;Институт точной механики и оптики
8;МФТИ;Московский физико-технический институт